Date,AAPL,MSFT,NVDA,JPM
2024-09-03,50190600,20313600,477155100,8956100.0
2024-09-04,43840200,15135800,372470300,7389500.0
2024-09-05,36615400,14195500,306850700,8067900.0
2024-09-06,48423000,19609500,413638100,7777000.0
2024-09-09,67180000,15295100,273912000,8935100.0
2024-09-10,51591000,19594300,268283700,28406900.0
2024-09-11,44587100,19266900,441422400,13658700.0
2024-09-12,37455600,17395700,366052700,9054400.0
2024-09-13,36766600,15874600,238358300,10226700.0
2024-09-16,59357400,13834700,248772300,8634900.0
2024-09-17,45519300,18874200,231925900,7573300.0
2024-09-18,59894900,18898000,310318900,8259900.0
2024-09-19,66781300,21706600,293506400,11635200.0
2024-09-20,318679900,55167100,382462400,20885000.0
2024-09-23,54146000,15128900,206228500,7223500.0
2024-09-24,43556100,17015800,354966800,7323200.0
2024-09-25,42308700,13396400,284692900,8976500.0
2024-09-26,36636700,14492000,302582900,7807500.0
2024-09-27,34026000,14896100,271009200,7032500.0
2024-09-30,54541900,16807300,226553700,8663800.0
2024-10-01,63285000,19092900,302094500,8540100.0
2024-10-02,32880600,16582300,221845900,5810900.0
2024-10-03,34044200,13686400,277118000,7251300.0
2024-10-04,37245100,19169700,243678100,10211700.0
2024-10-07,39505400,20919800,346250200,6718900.0
2024-10-08,31855700,19229300,285722500,6021800.0
2024-10-09,33591100,14974300,246191600,7024000.0
2024-10-10,28183500,13848400,242311300,7927100.0
2024-10-11,31759200,14144900,170209500,18320700.0
2024-10-14,39882100,16653100,232347700,9048900.0
2024-10-15,64751400,18900200,377831000,9235800.0
2024-10-16,34082200,15508900,264879700,6382500.0
2024-10-17,32993800,14820000,306435900,6470200.0
2024-10-18,46431500,17145300,176090200,7000500.0
2024-10-21,36254500,14206100,264554500,5870000.0
2024-10-22,38846600,25482200,226311600,9586800.0
2024-10-23,52287000,19654400,285930000,6180500.0
2024-10-24,31109500,13581600,172354900,6002200.0
2024-10-25,38802300,16899100,205122100,6369700.0
2024-10-28,36087100,14882400,173586700,6843000.0
2024-10-29,35417200,17644100,157593600,6580000.0
2024-10-30,47070900,29749100,179418100,7110900.0
2024-10-31,64370100,53971000,270039600,7829900.0
2024-11-01,65276700,24230400,207127800,6923500.0
2024-11-04,44944500,19672300,187528200,8229600.0
2024-11-05,28111300,17626000,160537400,5600700.0
2024-11-06,54561100,26681800,242043900,23987800.0
2024-11-07,42137700,19901800,207323300,16451100.0
2024-11-08,38328800,16891400,175665800,9502100.0
2024-11-11,42005600,24503300,182325600,9017100.0
2024-11-12,40398300,19401200,198634700,6861000.0
2024-11-13,48566200,21502200,191903300,11472600.0
2024-11-14,44923900,30246900,194463300,10172200.0
2024-11-15,47923700,28247600,250132900,11518800.0
2024-11-18,44633700,24727000,221205300,9051400.0
2024-11-19,36211800,18133500,227834900,6792700.0
2024-11-20,35169600,19191700,309871700,9015300.0
2024-11-21,42108300,20780200,400946600,8783500.0
2024-11-22,38168300,24814600,236406200,7997300.0
2024-11-25,90152800,27691100,344941900,10295400.0
2024-11-26,45986200,23458900,190287700,6212100.0
2024-11-27,33498400,18332400,226370900,5472300.0
2024-11-29,28481400,16271900,141863200,5494800.0
2024-12-02,48137100,20207200,171682800,8899700.0
2024-12-03,38861000,18302000,164414000,6657700.0
2024-12-04,44383900,26009400,231224300,7346300.0
2024-12-05,40033900,21697800,172621200,6572500.0
2024-12-06,36870600,18821000,188505600,5519700.0
2024-12-09,44649200,19144400,189308600,7076500.0
2024-12-10,36914800,18469500,210020900,9108300.0
2024-12-11,45205800,19200200,184905200,7884400.0
2024-12-12,32777500,20834800,159211400,6113800.0
2024-12-13,33155300,20177800,231514900,10392700.0
2024-12-16,51694800,23598800,237951100,9032000.0
2024-12-17,51356400,22733500,259410300,8083600.0
2024-12-18,56774100,24444500,277444500,11322400.0
2024-12-19,60882300,22963700,209719200,11790800.0
2024-12-20,147495300,64263700,306528600,32348400.0
2024-12-23,40858800,19152500,176053500,8611500.0
2024-12-24,23234700,7164500,105157000,3729100.0
2024-12-26,27237100,8194200,116205600,4451800.0
2024-12-27,42355300,18117700,170582600,5730200.0
2024-12-30,35557500,13158700,167734700,5723800.0
2024-12-31,39480700,13246500,155659200,4871000.0
2025-01-02,55740700,16896500,198247200,9220900.0
2025-01-03,40244100,16662900,229322500,9491100.0
2025-01-06,45045600,20573600,265377400,9917800.0
2025-01-07,40856000,18139100,351782200,8753400.0
2025-01-08,37628900,15054600,227349900,8675300.0
2025-01-10,61710900,20201100,207602500,10256800.0
2025-01-13,49630700,17604800,204808900,10005300.0
2025-01-14,39435300,16935900,195590500,12407400.0
2025-01-15,39832000,19637800,185217300,18448500.0
2025-01-16,71759100,15300000,209235600,15292300.0
2025-01-17,68488300,26197500,201188800,17678100.0
2025-01-21,98070400,26085700,197749000,13712100.0
2025-01-22,64126500,27803800,237651400,9021900.0
2025-01-23,60234800,18389300,155915500,10749700.0
2025-01-24,54697900,15549500,234657600,7666300.0
2025-01-27,94863400,35647800,818830900,7522300.0
2025-01-28,75707600,23491700,579666400,7375400.0
2025-01-29,45486100,23581400,467120600,7684900.0
2025-01-30,55658300,54586300,392925500,8753500.0
2025-01-31,100959800,34161900,388161100,7193800.0
2025-02-03,73063300,25679100,371235700,8381400.0
2025-02-04,45067300,20532100,256550000,5626000.0
2025-02-05,39620300,16316700,262230800,5704400.0
2025-02-06,29925300,16309800,251483600,7264400.0
2025-02-07,39707200,22886800,228186300,6857900.0
2025-02-10,33115600,20817900,216989100,8627400.0
2025-02-11,53718400,18140600,178902400,7196400.0
2025-02-12,45243300,19121700,160278600,6683900.0
2025-02-13,53614100,23891700,197430000,8398700.0
2025-02-14,40896200,22758500,195479600,5688600.0
2025-02-18,48822500,21423100,219176600,7919800.0
2025-02-19,32204200,24114200,167536000,7007200.0
2025-02-20,32316900,23508700,143903600,13846700.0
2025-02-21,53197400,27524800,228217600,12835600.0
2025-02-24,51326400,26443700,251381100,10372800.0
2025-02-25,48013300,29387400,271428700,9608400.0
2025-02-26,44433600,19619000,322553800,5943600.0
2025-02-27,41153600,21127400,443175800,8204400.0
2025-02-28,56833400,32845700,389091100,10467100.0
2025-03-03,47184000,23007700,411381400,9058300.0
2025-03-04,53798100,29342900,398163300,13465600.0
2025-03-05,47227600,23433100,284337900,7861400.0
2025-03-06,45170400,23304600,321181900,9983200.0
2025-03-07,46273600,22034100,341755500,20498700.0
2025-03-10,72071200,32840100,366487400,18887200.0
2025-03-11,76137400,30380200,354865700,18143000.0
2025-03-12,62547500,24253600,323857500,16054000.0
2025-03-13,61368300,20473000,299033100,16467900.0
2025-03-14,60107600,19952800,277593500,11962100.0
2025-03-17,48073400,22474300,255501500,9586000.0
2025-03-18,42432400,19486900,299686900,10344900.0
2025-03-19,54385400,19185500,273426200,10120600.0
2025-03-20,48862900,18470500,248829700,8328500.0
2025-03-21,94127800,39675900,266498500,19326900.0
2025-03-24,44299500,21004500,228452500,9422700.0
2025-03-25,34493600,15775000,167447200,9287700.0
2025-03-26,34466100,16108400,293463300,12779300.0
2025-03-27,37094800,13766800,236902100,8022500.0
2025-03-28,39818600,21632000,229872500,11978400.0
2025-03-31,65299300,35184700,299212700,13603000.0
2025-04-01,36412700,19689500,222614000,8054700.0
2025-04-02,35905900,16092600,220601200,7758800.0
2025-04-03,103419000,30198000,338769400,17188500.0
2025-04-04,125910900,49209900,532273800,27170700.0
2025-04-07,160466300,50425000,611041300,22914400.0
2025-04-08,120859500,35868900,476243400,19485700.0
2025-04-09,184395900,50199700,612918300,24022400.0
2025-04-10,121880000,38024400,437812400,18896400.0
2025-04-11,87435900,23839200,313417300,20284500.0
2025-04-14,101352900,19251200,264705000,13017800.0
2025-04-15,51343900,17199900,228966900,10912900.0
2025-04-16,59732400,21967800,397016900,9322300.0
2025-04-17,52164700,21120200,292517500,9557900.0
2025-04-21,46742500,20807300,288501100,8716200.0
2025-04-22,52976400,19485000,241004800,10701400.0
2025-04-23,52929200,20545500,247526000,14126800.0
2025-04-24,47311000,22232300,220815000,9055200.0
2025-04-25,38222300,18973200,251064700,8588600.0
2025-04-28,38743100,16579400,207708500,7394300.0
2025-04-29,36827600,14974000,170444300,7216800.0
2025-04-30,52286500,36461100,235044600,12991700.0
2025-05-01,57365700,58938100,236121500,8689600.0
2025-05-02,101010600,30757400,190194800,7165000.0
2025-05-05,69018500,20136100,133163200,5450700.0
2025-05-06,51216500,15104200,158525600,6369900.0
2025-05-07,68536700,23295300,206758800,8724100.0
2025-05-08,50478900,23491300,198428100,8320100.0
2025-05-09,36453900,15324200,132972200,5087600.0
2025-05-12,63775800,22821900,225023300,9603900.0
2025-05-13,51909300,23618800,330430100,8589000.0
2025-05-14,49325800,19902800,281180800,8643100.0
2025-05-15,45029500,21992300,226632600,9214600.0
2025-05-16,54737900,23849800,226542500,8932900.0
2025-05-19,46140500,21336500,193154600,12145000.0
2025-05-20,42496600,15441800,161514200,8436300.0
2025-05-21,59211800,19216900,270608700,7464000.0
2025-05-22,46742400,18025600,187344000,6514100.0
2025-05-23,78432900,16883500,198821300,6671800.0
2025-05-27,56288500,20974300,192953600,7506600.0
2025-05-28,45339700,17086300,304021100,5535400.0
2025-05-29,51396800,13974800,369241900,5081200.0
2025-05-30,70819900,34770500,333170900,10977700.0
2025-06-02,35423300,16626500,197663100,6011200.0
2025-06-03,46381600,15743800,225578800,6998400.0
2025-06-04,43604000,14162700,167120800,5915700.0
2025-06-05,55126100,20131700,231397900,8173800.0
2025-06-06,46607700,15285600,153986200,7738100.0
2025-06-09,72862600,16469900,185114500,8285000.0
2025-06-10,54672600,15375900,155881900,7538100.0
2025-06-11,60989900,16399200,167694000,7434100.0
2025-06-12,43904600,18950600,162365000,6618000.0
2025-06-13,51447300,16814500,180820600,7098300.0
2025-06-16,43020700,15626100,183133700,8566000.0
2025-06-17,38856200,15414100,139108000,6739300.0
2025-06-18,45394700,17526500,161494100,9586400.0
2025-06-20,96813500,37576200,242956200,13969700.0
2025-06-23,55814300,24864000,154308900,8094600.0
2025-06-24,54064000,22305600,187566100,9267900.0
2025-06-25,39525700,17495100,269146500,6826900.0
2025-06-26,50799100,21578900,198145700,8942100.0
2025-06-27,73188600,34539200,263234500,17868600.0
2025-06-30,91912800,28369000,194580300,12689200.0
2025-07-01,78788900,19945400,213143600,9338300.0
2025-07-02,67941800,16319600,171224100,8158700.0
2025-07-03,34955800,13984800,143716100,6541600.0
2025-07-07,50229000,13981600,140139000,8825700.0
2025-07-08,42848900,11846600,138133000,15440900.0
2025-07-09,48749400,18659500,183656400,11273800.0
2025-07-10,44443600,16492100,167704100,8410900.0
2025-07-11,39765800,16459500,193633300,7384700.0
2025-07-14,38840100,12058800,136975800,9079900.0
2025-07-15,42296300,14927200,230627400,12526100.0
2025-07-16,47490500,15154400,158831500,9979800.0
2025-07-17,48068100,17503100,160841100,8509500.0
2025-07-18,48974600,21209700,146456400,12217000.0
2025-07-21,51377400,14066800,123126100,7898100.0
2025-07-22,46404100,13868600,193114300,6717500.0
2025-07-23,46989300,16396600,154082200,7083500.0
2025-07-24,46022600,16107000,128984600,7001200.0
2025-07-25,40268800,19125700,122316800,5918500.0
2025-07-28,37858000,14308000,140023500,5840400.0
2025-07-29,51411700,16469200,154077500,7635700.0
2025-07-30,45512500,26380400,174312200,8061700.0
2025-07-31,80698400,51617300,221685400,14749700.0
2025-08-01,104434500,28977600,204529000,12007100.0
2025-08-04,75109300,25349000,148174600,6649500.0
2025-08-05,44155100,19171600,156407600,7182300.0
2025-08-06,108483100,21355700,137192300,6330200.0
2025-08-07,90224800,16079100,151878400,8057100.0
2025-08-08,113854000,15531000,123396700,6634100.0
2025-08-11,61806100,20194400,138323200,5510100.0
2025-08-12,55626200,18667000,145485700,8570900.0
2025-08-13,69878500,19619200,179871700,8420400.0
2025-08-14,51916300,20269100,129554000,6322400.0
2025-08-15,56038700,25213300,156602200,7340500.0
2025-08-18,37476200,23760600,132008000,5386900.0
2025-08-19,39402600,21481000,185229200,6031500.0
2025-08-20,42263900,27723000,215142700,7374200.0
2025-08-21,30621200,18443300,140040900,6624000.0
2025-08-22,42477800,24324200,172789400,8552800.0
2025-08-25,30983100,21638600,163012800,5856300.0
2025-08-26,54575100,30835700,168688200,6714700.0
2025-08-27,31259500,17277900,235518900,6056500.0
2025-08-28,38074700,18015600,281787800,6410500.0
2025-08-29,39418400,20961600,243257900,6796400.0
2025-09-02,44075600,18128000,231164900,7221900.0
2025-09-03,66427800,16345100,164424900,6316900.0
2025-09-04,47549400,15509500,141670100,6605800.0
2025-09-05,54870400,31994800,224441400,9837700.0
2025-09-08,48999500,16771000,163769100,8188500.0
2025-09-09,66313900,14410500,157548400,7848200.0
2025-09-10,83440800,21611800,226852000,7787300.0
2025-09-11,50208600,18881600,151159300,7942500.0
2025-09-12,55824200,23624900,124911000,6846700.0
2025-09-15,42699500,17143800,147061600,7122000.0
2025-09-16,63421100,19711900,140737800,10525600.0
2025-09-17,46508000,15816600,211843800,8657800.0
2025-09-18,44249600,18913700,191763300,8050700.0
2025-09-19,163741300,52474100,237182100,23568600.0
2025-09-22,105517400,20009300,269637000,7520200.0
2025-09-23,60275200,19799600,192559600,8584400.0
2025-09-24,42303700,13533700,143564100,7310500.0
2025-09-25,55202100,15786500,191586700,7083200.0
2025-09-26,46076300,16213100,148573700,7258100.0
2025-09-29,40127700,17617800,193063500,6462400.0
2025-09-30,37704300,19728200,236981000,11823300.0
2025-10-01,48713900,22632300,173844900,9235200.0
2025-10-02,42630200,21222900,136805800,7600000.0
2025-10-03,49155600,15112300,137596900,6029900.0
2025-10-06,44664100,21388600,157678100,7214500.0
2025-10-07,31955800,14615200,140088000,8454200.0
2025-10-08,36496900,13363400,130168900,6489900.0
2025-10-09,38322000,18343600,182997200,7060300.0
2025-10-10,61999100,24133800,268774400,8597400.0
2025-10-13,38142900,14284200,153482800,10788700.0
2025-10-14,35478000,14684300,205641400,16178800.0
2025-10-15,33893600,14694700,214450500,11354800.0
2025-10-16,39777000,15559600,179723300,10549400.0
2025-10-17,49147000,19867800,173135200,10153500.0
2025-10-20,90483000,14665600,128544700,6894900.0
2025-10-21,46695900,15586200,124240200,7372700.0
2025-10-22,45015300,18962700,162249600,8054100.0
2025-10-23,32754900,14023500,111363700,5438800.0
2025-10-24,38253700,15532400,131296700,7228300.0
2025-10-27,44888200,18734700,153452700,5642200.0
2025-10-28,41534800,29986700,297986200,6336000.0
2025-10-29,51086700,36023000,308829600,7520300.0
2025-10-30,69886500,41023100,178864400,7514600.0
2025-10-31,86167100,34006400,179802200,7721300.0
2025-11-03,50194600,22374700,180267300,7770000.0
2025-11-04,49274800,20958700,188919300,7085200.0
2025-11-05,43683100,23024300,171350300,6865200.0
2025-11-06,51204000,27406500,223029800,7206100.0
2025-11-07,48227400,24019800,264942300,7302300.0
2025-11-10,41312400,26101500,198897100,5794100.0
2025-11-11,46208300,17980000,176483300,5030200.0
2025-11-12,48398000,26574900,154935300,10578300.0
2025-11-13,49602800,25273100,207423100,8973300.0
2025-11-14,47431300,28505700,186591900,10327000.0
2025-11-17,45018300,19092800,173628900,8344000.0
2025-11-18,45677300,33815100,213598900,8077300.0
2025-11-19,40424500,23245300,247246400,5546600.0
2025-11-20,45823600,26802500,343504800,7501600.0
2025-11-21,59030800,31769200,346926200,11766800.0
2025-11-24,65585800,34421000,256618300,10940200.0
2025-11-25,46914200,28019800,320600300,8877200.0
2025-11-26,33431400,25709100,183852000,7910900.0
2025-11-28,20135600,14386700,121332800,4322400.0
2025-12-01,46587700,23964000,188131000,7727300.0
2025-12-02,53669500,19562700,182632200,7249000.0
2025-12-03,43538700,34615100,165138000,8535300.0
2025-12-04,43989100,22318200,167364900,9627800.0
2025-12-05,47265800,22608700,143971100,6518900.0
2025-12-08,38211800,21965900,204378100,7417200.0
2025-12-09,32193300,14696100,144719700,18049200.0
2025-12-10,33038300,35756200,162785400,18874100.0
2025-12-11,33248000,24669200,182136600,9721900.0
2025-12-12,39532900,21248100,204274900,8982900.0
2025-12-15,50409100,23727700,164775600,10864100.0
2025-12-16,37648600,20705600,148588100,8331300.0
2025-12-17,50138700,24527200,222775500,8718700.0
2025-12-18,51630700,28573500,176096000,11444900.0
2025-12-19,144632000,70836100,324925900,24494400.0
2025-12-22,36571800,16963000,129064400,8354600.0
2025-12-23,29642000,14683600,174873600,6668300.0
2025-12-24,17910600,5855900,65528500,4289300.0
2025-12-26,21521800,8842200,139740300,4158300.0
2025-12-29,23715200,10893400,120006100,8635300.0
2025-12-30,22139600,13944500,97687300,7904300.0
2025-12-31,27293600,15601600,120100500,5048500.0
2026-01-02,37838100,25571600,148240500,8054000.0
2026-01-05,45647200,25250300,183529700,10752600.0
2026-01-06,52352100,23037700,176862600,7660800.0
2026-01-07,48309800,25564200,153543200,9815200.0
2026-01-08,50419300,18162600,172457000,11737100.0
2026-01-09,39997000,18491000,131327500,6738100.0
2026-01-12,45263800,23519900,137968500,12805100.0
2026-01-13,45730800,28545800,160128900,19371200.0
2026-01-14,40019400,28184300,159586100,25951500.0
2026-01-15,39388600,23225800,206188600,14751400.0
2026-01-16,72142800,34246700,187967200,14652500.0
2026-01-20,80267500,26130000,223345300,12900600.0
2026-01-21,54641700,37980500,200381000,10270100.0
2026-01-22,39708300,25349400,139636600,10535800.0
2026-01-23,41689000,38000200,142748100,11107900.0
2026-01-26,55969200,29291200,124799600,11752700.0
2026-01-27,49648300,29213900,143711600,11527400.0
2026-01-28,41288000,36875400,148552700,9556700.0
2026-01-29,67253000,128855300,171764400,11580000.0
2026-01-30,92443400,58566800,179489500,11953200.0
2026-02-02,73913400,42219900,165794100,9839400.0
2026-02-03,64394700,61424100,204019600,12688000.0
2026-02-04,90545700,45012400,207014100,9848800.0
2026-02-05,52977400,66289200,206312900,9388000.0
2026-02-06,50453400,53515300,231346200,17797400.0
2026-02-09,44623400,45480500,196387400,11477500.0
2026-02-10,34376900,44857900,136764800,9902200.0
2026-02-11,51931300,42491000,144192700,8703500.0
2026-02-12,81077200,40802400,189932500,13443400.0
2026-02-13,56290700,34091600,161888000,9114500.0
2026-02-17,58469100,32078800,162276900,8896800.0
2026-02-18,34203300,23223400,164749100,7209600.0
2026-02-19,30845300,28234000,126554500,6737700.0
2026-02-20,42070500,34015200,178422300,7792700.0
2026-02-23,37308200,43238300,171584800,12955400.0
2026-02-24,47014600,33884700,175123600,13554100.0
2026-02-25,33714300,43625500,250637100,8095500.0
2026-02-26,32345100,34405900,360807900,7007800.0
2026-02-27,72366500,51367200,311636500,18620800.0
2026-03-02,41827900,35474900,209095300,8508900.0
2026-03-03,38568900,38199200,178099400,10278200.0
2026-03-04,39803100,35808000,177731200,8055700.0
2026-03-05,49658600,39001300,198779700,12732500.0
2026-03-06,41120000,31123900,189021900,13496500.0
2026-03-09,38218500,30131900,177213600,12241100.0
2026-03-10,30590800,31706400,179118500,8344900.0
2026-03-11,26218900,25512100,145280400,10205000.0
2026-03-12,40794000,27263900,155762700,13760500.0
2026-03-13,36930000,26848000,160988400,9091200.0
2026-03-16,32074200,27733700,217307400,8149000.0
2026-03-17,32361600,26228300,182497800,8961200.0
2026-03-18,35757900,25908500,156683100,10057000.0
2026-03-19,34864100,25138800,170968500,9846700.0
2026-03-20,88331100,50853200,241323500,22436500.0
2026-03-23,40546100,29680100,182836300,11470800.0
2026-03-24,45152300,42733600,147667800,11092300.0
2026-03-25,28476700,31181200,162602100,12188200.0
2026-03-26,41796700,36836600,186152200,8669200.0
2026-03-27,47900000,37883400,196212700,9873300.0
2026-03-30,39446200,44797000,185627000,11734400.0
2026-03-31,49598100,45244400,226181300,12956900.0
2026-04-01,40059400,29417200,168132000,11267200.0
2026-04-02,31289400,24099100,143143200,6669300.0
2026-04-06,29329900,16146600,107564300,7142600.0
2026-04-07,62148000,21443300,132534900,7849100.0
2026-04-08,41032800,33064800,147732700,10590200.0
2026-04-09,28121600,30435300,116428500,6586600.0
2026-04-10,31291500,28111100,160459500,6069700.0
2026-04-13,36234700,35745800,133648200,8318200.0
2026-04-14,48370700,37504500,161307000,11455500.0
2026-04-15,49913500,45063400,185338400,9885800.0
2026-04-16,43323100,41642400,134012900,8208600.0
2026-04-17,61436200,48568200,160324400,11082400.0
2026-04-20,36590200,27582200,119381400,10772000.0
2026-04-21,50209800,32048500,107945300,7084300.0
2026-04-22,43249200,29378200,107501000,5545900.0
2026-04-23,33399600,38308000,113561800,6969700.0
2026-04-24,38157100,27457400,214134400,5215300.0
2026-04-27,41466800,30867300,187172400,7925300.0
2026-04-28,40018900,30438100,180275400,7398600.0
2026-04-29,30047900,38288300,123711800,8031800.0
2026-04-30,91848200,70909400,225239200,8865400.0
2026-05-01,79915400,31372400,128647000,6135400.0
2026-05-04,46668400,28066500,125368100,7338200.0
2026-05-05,49311700,25700900,113406600,6316800.0
2026-05-06,58336100,30285900,188362800,8629500.0
2026-05-07,45224300,34942400,168307900,8359600.0
2026-05-08,52692800,33383800,136421400,9464300.0
2026-05-11,42247300,35657900,160685800,9512000.0
2026-05-12,45748100,38594200,159176600,9498200.0
2026-05-13,52684300,29667100,150405400,7709500.0
2026-05-14,35324900,27077500,180782900,7364300.0
2026-05-15,54862800,50771200,180977600,8699300.0
2026-05-18,34483000,32564100,146280900,7546300.0
2026-05-19,42243600,33018700,140948200,8066900.0
2026-05-20,38229800,27864000,184201600,9327000.0
2026-05-21,42965100,31393500,203381800,7874400.0
2026-05-22,43670200,22390300,169275700,5973900.0
2026-05-26,48000500,30398000,187202600,7725400.0
2026-05-27,50430900,28901500,167601200,11779200.0
2026-05-28,48220400,47250500,143996000,9757700.0
2026-05-29,70026800,79654400,289410600,13969000.0
2026-06-01,48849900,53628900,212850700,7930000.0
2026-06-02,44534700,37036800,193362900,8296200.0
2026-06-03,50836700,39037000,160907000,7003900.0
2026-06-04,44869100,26899500,169022200,10345200.0
2026-06-05,65310500,34782200,219655500,9118800.0
2026-06-08,77949100,32086700,138372800,6827000.0
2026-06-09,70108800,35317300,180962500,11594600.0
2026-06-10,52793300,32576000,161746600,7446200.0
2026-06-11,42572500,47224100,158643200,9116600.0
2026-06-12,38742100,34865800,112001800,7426200.0
2026-06-15,45732600,32266400,149936700,7988900.0
2026-06-16,39874400,31506800,125694100,11094900.0
2026-06-17,42745100,41987800,128363500,12246400.0
2026-06-18,85962200,59714200,241272000,20111000.0
2026-06-22,44879900,45171100,122041400,10182500.0
2026-06-23,52010900,40647600,153496200,7582200.0
2026-06-24,53081900,44509900,151810700,7907400.0
2026-06-25,107013700,66179000,149550000,10043100.0
2026-06-26,261775500,186201600,179304100,17640900.0
2026-06-29,66427000,51229900,148835700,7981800.0
2026-06-30,65100200,44945700,166476700,8080100.0
2026-07-01,50164200,48065800,146147600,15210200.0
2026-07-02,75352800,42128900,142068700,8413900.0
2026-07-06,53590000,34224500,108999000,8673500.0
2026-07-07,42490000,29297500,124154600,7115800.0
2026-07-08,41323500,25908300,147419100,18505200.0
2026-07-09,48124500,31083200,132037400,15570600.0
2026-07-10,34132300,24644600,148421000,6299000.0
2026-07-13,43257800,28914900,121411000,7120300.0
2026-07-14,36336800,27863900,124379600,14537900.0
2026-07-15,60957600,36253700,124797200,10750000.0
2026-07-16,62970600,37047400,122986100,12432400.0
2026-07-17,63407100,33049800,144281900,9250900.0
2026-07-20,53468000,27915800,88701500,7723300.0
2026-07-21,41338900,24126600,108685600,6015300.0
2026-07-22,38755900,28142500,137645600,8040200.0
2026-07-23,40840800,30351800,110505300,10913000.0
2026-07-24,47489400,27659400,114836800,7520800.0
2026-07-27,49604300,27856200,154353700,7884900.0
2026-07-28,51859000,32367500,134111500,6533800.0
2026-07-29,56090800,47209000,147680800,8265300.0
2026-07-30,74817800,110160700,129010200,7606500.0
2026-07-31,132489100,60846000,139961200,6603400.0
2026-08-03,75052000,66762100,128406900,6436600.0
2026-08-04,68001000,50455500,134922000,8477200.0
2026-08-05,49438800,33388900,158187400,5269500.0
2026-08-06,46139900,36441500,113940600,5820100.0
2026-08-07,34437200,28846200,105669400,4566200.0
2026-08-10,44812500,31206100,115846600,5327500.0
2026-08-11,37476700,23049800,101273100,4576500.0
2026-08-12,41657800,29001500,108783600,4366800.0
2026-08-13,40349300,23039000,98867200,5102700.0
2026-08-14,28229400,16217600,75680900,5058600.0
2026-08-17,38169300,29635800,93678700,5282600.0
2026-08-18,53424500,24087600,103128200,5525100.0
2026-08-19,50505600,19961900,96797300,6696200.0
2026-08-20,40959200,20020800,92457000,6799700.0
2026-08-21,46876800,22510800,98869300,8112100.0
2026-08-24,34673600,17230800,135187300,4394400.0
2026-08-25,25869800,19519000,122309000,4298000.0
2026-08-26,34024500,20758900,179900000,5796500.0
2026-08-27,32419200,28688800,298909800,5209900.0
2026-08-28,38649400,29207300,195116400,
2026-08-31,41242700,27208900,124702700,7962900.0
2026-09-01,53167400,21046900,109756200,5079000.0
2026-09-02,33746700,15323000,156676500,5341400.0
2026-09-03,5651192,5078602,33634018,1073026.0
